name,asset_type_name,category_name,sub_category_name,asset_description,thumbnail_image,asset_details,asset_classification,reading_parameters
Asset Group 001,Tangible assets,Category_001,SubCategory_001,"Description for Asset Group 001, categorized under Category_001.","{""image_url"": ""/uploads/assets/asset_001.jpg"", ""alt_text"": ""Asset Group 001""}","{""brand"": ""Brand_1"", ""model"": ""Model_1"", ""year"": 2021, ""specifications"": {""cpu"": ""Intel i1"", ""ram"": ""12GB"", ""storage"": ""384GB SSD""}}","{""tags"": [""tag1"", ""asset"", ""group""], ""priority"": ""low"", ""usage_type"": ""business""}","{""monitoring"": {""temperature"": {""unit"": ""celsius"", ""range"": ""0-61""}, ""usage_hours"": {""unit"": ""hours"", ""tracking"": ""daily""}}}"
Asset Group 002,Tangible assets,Category_002,SubCategory_002,"Description for Asset Group 002, categorized under Category_002.","{""image_url"": ""/uploads/assets/asset_002.jpg"", ""alt_text"": ""Asset Group 002""}","{""brand"": ""Brand_2"", ""model"": ""Model_2"", ""year"": 2022, ""specifications"": {""cpu"": ""Intel i2"", ""ram"": ""16GB"", ""storage"": ""512GB SSD""}}","{""tags"": [""tag2"", ""asset"", ""group""], ""priority"": ""high"", ""usage_type"": ""passive""}","{""monitoring"": {""temperature"": {""unit"": ""celsius"", ""range"": ""0-62""}, ""usage_hours"": {""unit"": ""hours"", ""tracking"": ""daily""}}}"
Asset Group 003,Non-operating assets,Category_003,SubCategory_003,"Description for Asset Group 003, categorized under Category_003.","{""image_url"": ""/uploads/assets/asset_003.jpg"", ""alt_text"": ""Asset Group 003""}","{""brand"": ""Brand_3"", ""model"": ""Model_3"", ""year"": 2023, ""specifications"": {""cpu"": ""Intel i3"", ""ram"": ""20GB"", ""storage"": ""640GB SSD""}}","{""tags"": [""tag3"", ""asset"", ""group""], ""priority"": ""high"", ""usage_type"": ""daily""}","{""monitoring"": {""temperature"": {""unit"": ""celsius"", ""range"": ""0-63""}, ""usage_hours"": {""unit"": ""hours"", ""tracking"": ""daily""}}}"
Asset Group 004,Fixed assets,Category_004,SubCategory_004,"Description for Asset Group 004, categorized under Category_004.","{""image_url"": ""/uploads/assets/asset_004.jpg"", ""alt_text"": ""Asset Group 004""}","{""brand"": ""Brand_4"", ""model"": ""Model_4"", ""year"": 2024, ""specifications"": {""cpu"": ""Intel i4"", ""ram"": ""8GB"", ""storage"": ""768GB SSD""}}","{""tags"": [""tag4"", ""asset"", ""group""], ""priority"": ""critical"", ""usage_type"": ""business""}","{""monitoring"": {""temperature"": {""unit"": ""celsius"", ""range"": ""0-64""}, ""usage_hours"": {""unit"": ""hours"", ""tracking"": ""daily""}}}"
Asset Group 005,Non-operating assets,Category_005,SubCategory_005,"Description for Asset Group 005, categorized under Category_005.","{""image_url"": ""/uploads/assets/asset_005.jpg"", ""alt_text"": ""Asset Group 005""}","{""brand"": ""Brand_5"", ""model"": ""Model_5"", ""year"": 2025, ""specifications"": {""cpu"": ""Intel i5"", ""ram"": ""12GB"", ""storage"": ""256GB SSD""}}","{""tags"": [""tag5"", ""asset"", ""group""], ""priority"": ""low"", ""usage_type"": ""passive""}","{""monitoring"": {""temperature"": {""unit"": ""celsius"", ""range"": ""0-65""}, ""usage_hours"": {""unit"": ""hours"", ""tracking"": ""daily""}}}"
Asset Group 006,Tangible assets,Category_006,SubCategory_006,"Description for Asset Group 006, categorized under Category_006.","{""image_url"": ""/uploads/assets/asset_006.jpg"", ""alt_text"": ""Asset Group 006""}","{""brand"": ""Brand_6"", ""model"": ""Model_6"", ""year"": 2020, ""specifications"": {""cpu"": ""Intel i6"", ""ram"": ""16GB"", ""storage"": ""384GB SSD""}}","{""tags"": [""tag6"", ""asset"", ""group""], ""priority"": ""low"", ""usage_type"": ""business""}","{""monitoring"": {""temperature"": {""unit"": ""celsius"", ""range"": ""0-66""}, ""usage_hours"": {""unit"": ""hours"", ""tracking"": ""daily""}}}"
Asset Group 007,Tangible assets,Category_007,SubCategory_007,"Description for Asset Group 007, categorized under Category_007.","{""image_url"": ""/uploads/assets/asset_007.jpg"", ""alt_text"": ""Asset Group 007""}","{""brand"": ""Brand_7"", ""model"": ""Model_7"", ""year"": 2021, ""specifications"": {""cpu"": ""Intel i7"", ""ram"": ""20GB"", ""storage"": ""512GB SSD""}}","{""tags"": [""tag7"", ""asset"", ""group""], ""priority"": ""low"", ""usage_type"": ""daily""}","{""monitoring"": {""temperature"": {""unit"": ""celsius"", ""range"": ""0-67""}, ""usage_hours"": {""unit"": ""hours"", ""tracking"": ""daily""}}}"
Asset Group 008,Tangible assets,Category_008,SubCategory_008,"Description for Asset Group 008, categorized under Category_008.","{""image_url"": ""/uploads/assets/asset_008.jpg"", ""alt_text"": ""Asset Group 008""}","{""brand"": ""Brand_8"", ""model"": ""Model_8"", ""year"": 2022, ""specifications"": {""cpu"": ""Intel i8"", ""ram"": ""8GB"", ""storage"": ""640GB SSD""}}","{""tags"": [""tag8"", ""asset"", ""group""], ""priority"": ""medium"", ""usage_type"": ""continuous""}","{""monitoring"": {""temperature"": {""unit"": ""celsius"", ""range"": ""0-68""}, ""usage_hours"": {""unit"": ""hours"", ""tracking"": ""daily""}}}"
Asset Group 009,Operating assets,Category_009,SubCategory_009,"Description for Asset Group 009, categorized under Category_009.","{""image_url"": ""/uploads/assets/asset_009.jpg"", ""alt_text"": ""Asset Group 009""}","{""brand"": ""Brand_9"", ""model"": ""Model_9"", ""year"": 2023, ""specifications"": {""cpu"": ""Intel i0"", ""ram"": ""12GB"", ""storage"": ""768GB SSD""}}","{""tags"": [""tag9"", ""asset"", ""group""], ""priority"": ""medium"", ""usage_type"": ""passive""}","{""monitoring"": {""temperature"": {""unit"": ""celsius"", ""range"": ""0-69""}, ""usage_hours"": {""unit"": ""hours"", ""tracking"": ""daily""}}}"
Asset Group 010,Intangible assets,Category_010,SubCategory_010,"Description for Asset Group 010, categorized under Category_010.","{""image_url"": ""/uploads/assets/asset_010.jpg"", ""alt_text"": ""Asset Group 010""}","{""brand"": ""Brand_10"", ""model"": ""Model_10"", ""year"": 2024, ""specifications"": {""cpu"": ""Intel i1"", ""ram"": ""16GB"", ""storage"": ""256GB SSD""}}","{""tags"": [""tag10"", ""asset"", ""group""], ""priority"": ""high"", ""usage_type"": ""daily""}","{""monitoring"": {""temperature"": {""unit"": ""celsius"", ""range"": ""0-70""}, ""usage_hours"": {""unit"": ""hours"", ""tracking"": ""daily""}}}"
Asset Group 011,Tangible assets,Category_011,SubCategory_011,"Description for Asset Group 011, categorized under Category_011.","{""image_url"": ""/uploads/assets/asset_011.jpg"", ""alt_text"": ""Asset Group 011""}","{""brand"": ""Brand_11"", ""model"": ""Model_11"", ""year"": 2025, ""specifications"": {""cpu"": ""Intel i2"", ""ram"": ""20GB"", ""storage"": ""384GB SSD""}}","{""tags"": [""tag11"", ""asset"", ""group""], ""priority"": ""medium"", ""usage_type"": ""business""}","{""monitoring"": {""temperature"": {""unit"": ""celsius"", ""range"": ""0-71""}, ""usage_hours"": {""unit"": ""hours"", ""tracking"": ""daily""}}}"
Asset Group 012,Fixed assets,Category_012,SubCategory_012,"Description for Asset Group 012, categorized under Category_012.","{""image_url"": ""/uploads/assets/asset_012.jpg"", ""alt_text"": ""Asset Group 012""}","{""brand"": ""Brand_12"", ""model"": ""Model_12"", ""year"": 2020, ""specifications"": {""cpu"": ""Intel i3"", ""ram"": ""8GB"", ""storage"": ""512GB SSD""}}","{""tags"": [""tag12"", ""asset"", ""group""], ""priority"": ""medium"", ""usage_type"": ""passive""}","{""monitoring"": {""temperature"": {""unit"": ""celsius"", ""range"": ""0-72""}, ""usage_hours"": {""unit"": ""hours"", ""tracking"": ""daily""}}}"
Asset Group 013,Non-operating assets,Category_013,SubCategory_013,"Description for Asset Group 013, categorized under Category_013.","{""image_url"": ""/uploads/assets/asset_013.jpg"", ""alt_text"": ""Asset Group 013""}","{""brand"": ""Brand_13"", ""model"": ""Model_13"", ""year"": 2021, ""specifications"": {""cpu"": ""Intel i4"", ""ram"": ""12GB"", ""storage"": ""640GB SSD""}}","{""tags"": [""tag13"", ""asset"", ""group""], ""priority"": ""high"", ""usage_type"": ""business""}","{""monitoring"": {""temperature"": {""unit"": ""celsius"", ""range"": ""0-73""}, ""usage_hours"": {""unit"": ""hours"", ""tracking"": ""daily""}}}"
Asset Group 014,Tangible assets,Category_014,SubCategory_014,"Description for Asset Group 014, categorized under Category_014.","{""image_url"": ""/uploads/assets/asset_014.jpg"", ""alt_text"": ""Asset Group 014""}","{""brand"": ""Brand_14"", ""model"": ""Model_14"", ""year"": 2022, ""specifications"": {""cpu"": ""Intel i5"", ""ram"": ""16GB"", ""storage"": ""768GB SSD""}}","{""tags"": [""tag14"", ""asset"", ""group""], ""priority"": ""high"", ""usage_type"": ""passive""}","{""monitoring"": {""temperature"": {""unit"": ""celsius"", ""range"": ""0-74""}, ""usage_hours"": {""unit"": ""hours"", ""tracking"": ""daily""}}}"
Asset Group 015,Tangible assets,Category_015,SubCategory_015,"Description for Asset Group 015, categorized under Category_015.","{""image_url"": ""/uploads/assets/asset_015.jpg"", ""alt_text"": ""Asset Group 015""}","{""brand"": ""Brand_15"", ""model"": ""Model_15"", ""year"": 2023, ""specifications"": {""cpu"": ""Intel i6"", ""ram"": ""20GB"", ""storage"": ""256GB SSD""}}","{""tags"": [""tag15"", ""asset"", ""group""], ""priority"": ""medium"", ""usage_type"": ""daily""}","{""monitoring"": {""temperature"": {""unit"": ""celsius"", ""range"": ""0-75""}, ""usage_hours"": {""unit"": ""hours"", ""tracking"": ""daily""}}}"
Asset Group 016,Tangible assets,Category_016,SubCategory_016,"Description for Asset Group 016, categorized under Category_016.","{""image_url"": ""/uploads/assets/asset_016.jpg"", ""alt_text"": ""Asset Group 016""}","{""brand"": ""Brand_16"", ""model"": ""Model_16"", ""year"": 2024, ""specifications"": {""cpu"": ""Intel i7"", ""ram"": ""8GB"", ""storage"": ""384GB SSD""}}","{""tags"": [""tag16"", ""asset"", ""group""], ""priority"": ""high"", ""usage_type"": ""passive""}","{""monitoring"": {""temperature"": {""unit"": ""celsius"", ""range"": ""0-76""}, ""usage_hours"": {""unit"": ""hours"", ""tracking"": ""daily""}}}"
Asset Group 017,Tangible assets,Category_017,SubCategory_017,"Description for Asset Group 017, categorized under Category_017.","{""image_url"": ""/uploads/assets/asset_017.jpg"", ""alt_text"": ""Asset Group 017""}","{""brand"": ""Brand_17"", ""model"": ""Model_17"", ""year"": 2025, ""specifications"": {""cpu"": ""Intel i8"", ""ram"": ""12GB"", ""storage"": ""512GB SSD""}}","{""tags"": [""tag17"", ""asset"", ""group""], ""priority"": ""low"", ""usage_type"": ""passive""}","{""monitoring"": {""temperature"": {""unit"": ""celsius"", ""range"": ""0-77""}, ""usage_hours"": {""unit"": ""hours"", ""tracking"": ""daily""}}}"
Asset Group 018,Operating assets,Category_018,SubCategory_018,"Description for Asset Group 018, categorized under Category_018.","{""image_url"": ""/uploads/assets/asset_018.jpg"", ""alt_text"": ""Asset Group 018""}","{""brand"": ""Brand_18"", ""model"": ""Model_18"", ""year"": 2020, ""specifications"": {""cpu"": ""Intel i0"", ""ram"": ""16GB"", ""storage"": ""640GB SSD""}}","{""tags"": [""tag18"", ""asset"", ""group""], ""priority"": ""critical"", ""usage_type"": ""passive""}","{""monitoring"": {""temperature"": {""unit"": ""celsius"", ""range"": ""0-78""}, ""usage_hours"": {""unit"": ""hours"", ""tracking"": ""daily""}}}"
Asset Group 019,Tangible assets,Category_019,SubCategory_019,"Description for Asset Group 019, categorized under Category_019.","{""image_url"": ""/uploads/assets/asset_019.jpg"", ""alt_text"": ""Asset Group 019""}","{""brand"": ""Brand_19"", ""model"": ""Model_19"", ""year"": 2021, ""specifications"": {""cpu"": ""Intel i1"", ""ram"": ""20GB"", ""storage"": ""768GB SSD""}}","{""tags"": [""tag19"", ""asset"", ""group""], ""priority"": ""high"", ""usage_type"": ""continuous""}","{""monitoring"": {""temperature"": {""unit"": ""celsius"", ""range"": ""0-79""}, ""usage_hours"": {""unit"": ""hours"", ""tracking"": ""daily""}}}"
Asset Group 020,Fixed assets,Category_020,SubCategory_020,"Description for Asset Group 020, categorized under Category_020.","{""image_url"": ""/uploads/assets/asset_020.jpg"", ""alt_text"": ""Asset Group 020""}","{""brand"": ""Brand_20"", ""model"": ""Model_20"", ""year"": 2022, ""specifications"": {""cpu"": ""Intel i2"", ""ram"": ""8GB"", ""storage"": ""256GB SSD""}}","{""tags"": [""tag20"", ""asset"", ""group""], ""priority"": ""medium"", ""usage_type"": ""daily""}","{""monitoring"": {""temperature"": {""unit"": ""celsius"", ""range"": ""0-80""}, ""usage_hours"": {""unit"": ""hours"", ""tracking"": ""daily""}}}"
Asset Group 021,Operating assets,Category_021,SubCategory_021,"Description for Asset Group 021, categorized under Category_021.","{""image_url"": ""/uploads/assets/asset_021.jpg"", ""alt_text"": ""Asset Group 021""}","{""brand"": ""Brand_21"", ""model"": ""Model_21"", ""year"": 2023, ""specifications"": {""cpu"": ""Intel i3"", ""ram"": ""12GB"", ""storage"": ""384GB SSD""}}","{""tags"": [""tag21"", ""asset"", ""group""], ""priority"": ""low"", ""usage_type"": ""passive""}","{""monitoring"": {""temperature"": {""unit"": ""celsius"", ""range"": ""0-81""}, ""usage_hours"": {""unit"": ""hours"", ""tracking"": ""daily""}}}"
Asset Group 022,Fixed assets,Category_022,SubCategory_022,"Description for Asset Group 022, categorized under Category_022.","{""image_url"": ""/uploads/assets/asset_022.jpg"", ""alt_text"": ""Asset Group 022""}","{""brand"": ""Brand_22"", ""model"": ""Model_22"", ""year"": 2024, ""specifications"": {""cpu"": ""Intel i4"", ""ram"": ""16GB"", ""storage"": ""512GB SSD""}}","{""tags"": [""tag22"", ""asset"", ""group""], ""priority"": ""medium"", ""usage_type"": ""passive""}","{""monitoring"": {""temperature"": {""unit"": ""celsius"", ""range"": ""0-82""}, ""usage_hours"": {""unit"": ""hours"", ""tracking"": ""daily""}}}"
Asset Group 023,Fixed assets,Category_023,SubCategory_023,"Description for Asset Group 023, categorized under Category_023.","{""image_url"": ""/uploads/assets/asset_023.jpg"", ""alt_text"": ""Asset Group 023""}","{""brand"": ""Brand_23"", ""model"": ""Model_23"", ""year"": 2025, ""specifications"": {""cpu"": ""Intel i5"", ""ram"": ""20GB"", ""storage"": ""640GB SSD""}}","{""tags"": [""tag23"", ""asset"", ""group""], ""priority"": ""low"", ""usage_type"": ""daily""}","{""monitoring"": {""temperature"": {""unit"": ""celsius"", ""range"": ""0-83""}, ""usage_hours"": {""unit"": ""hours"", ""tracking"": ""daily""}}}"
Asset Group 024,Intangible assets,Category_024,SubCategory_024,"Description for Asset Group 024, categorized under Category_024.","{""image_url"": ""/uploads/assets/asset_024.jpg"", ""alt_text"": ""Asset Group 024""}","{""brand"": ""Brand_24"", ""model"": ""Model_24"", ""year"": 2020, ""specifications"": {""cpu"": ""Intel i6"", ""ram"": ""8GB"", ""storage"": ""768GB SSD""}}","{""tags"": [""tag24"", ""asset"", ""group""], ""priority"": ""medium"", ""usage_type"": ""passive""}","{""monitoring"": {""temperature"": {""unit"": ""celsius"", ""range"": ""0-84""}, ""usage_hours"": {""unit"": ""hours"", ""tracking"": ""daily""}}}"
Asset Group 025,Fixed assets,Category_025,SubCategory_025,"Description for Asset Group 025, categorized under Category_025.","{""image_url"": ""/uploads/assets/asset_025.jpg"", ""alt_text"": ""Asset Group 025""}","{""brand"": ""Brand_25"", ""model"": ""Model_25"", ""year"": 2021, ""specifications"": {""cpu"": ""Intel i7"", ""ram"": ""12GB"", ""storage"": ""256GB SSD""}}","{""tags"": [""tag25"", ""asset"", ""group""], ""priority"": ""low"", ""usage_type"": ""business""}","{""monitoring"": {""temperature"": {""unit"": ""celsius"", ""range"": ""0-85""}, ""usage_hours"": {""unit"": ""hours"", ""tracking"": ""daily""}}}"
Asset Group 026,Non-operating assets,Category_026,SubCategory_026,"Description for Asset Group 026, categorized under Category_026.","{""image_url"": ""/uploads/assets/asset_026.jpg"", ""alt_text"": ""Asset Group 026""}","{""brand"": ""Brand_26"", ""model"": ""Model_26"", ""year"": 2022, ""specifications"": {""cpu"": ""Intel i8"", ""ram"": ""16GB"", ""storage"": ""384GB SSD""}}","{""tags"": [""tag26"", ""asset"", ""group""], ""priority"": ""low"", ""usage_type"": ""daily""}","{""monitoring"": {""temperature"": {""unit"": ""celsius"", ""range"": ""0-86""}, ""usage_hours"": {""unit"": ""hours"", ""tracking"": ""daily""}}}"
Asset Group 027,Intangible assets,Category_027,SubCategory_027,"Description for Asset Group 027, categorized under Category_027.","{""image_url"": ""/uploads/assets/asset_027.jpg"", ""alt_text"": ""Asset Group 027""}","{""brand"": ""Brand_27"", ""model"": ""Model_27"", ""year"": 2023, ""specifications"": {""cpu"": ""Intel i0"", ""ram"": ""20GB"", ""storage"": ""512GB SSD""}}","{""tags"": [""tag27"", ""asset"", ""group""], ""priority"": ""medium"", ""usage_type"": ""continuous""}","{""monitoring"": {""temperature"": {""unit"": ""celsius"", ""range"": ""0-87""}, ""usage_hours"": {""unit"": ""hours"", ""tracking"": ""daily""}}}"
Asset Group 028,Operating assets,Category_028,SubCategory_028,"Description for Asset Group 028, categorized under Category_028.","{""image_url"": ""/uploads/assets/asset_028.jpg"", ""alt_text"": ""Asset Group 028""}","{""brand"": ""Brand_28"", ""model"": ""Model_28"", ""year"": 2024, ""specifications"": {""cpu"": ""Intel i1"", ""ram"": ""8GB"", ""storage"": ""640GB SSD""}}","{""tags"": [""tag28"", ""asset"", ""group""], ""priority"": ""low"", ""usage_type"": ""business""}","{""monitoring"": {""temperature"": {""unit"": ""celsius"", ""range"": ""0-88""}, ""usage_hours"": {""unit"": ""hours"", ""tracking"": ""daily""}}}"
Asset Group 029,Fixed assets,Category_029,SubCategory_029,"Description for Asset Group 029, categorized under Category_029.","{""image_url"": ""/uploads/assets/asset_029.jpg"", ""alt_text"": ""Asset Group 029""}","{""brand"": ""Brand_29"", ""model"": ""Model_29"", ""year"": 2025, ""specifications"": {""cpu"": ""Intel i2"", ""ram"": ""12GB"", ""storage"": ""768GB SSD""}}","{""tags"": [""tag29"", ""asset"", ""group""], ""priority"": ""critical"", ""usage_type"": ""daily""}","{""monitoring"": {""temperature"": {""unit"": ""celsius"", ""range"": ""0-89""}, ""usage_hours"": {""unit"": ""hours"", ""tracking"": ""daily""}}}"
Asset Group 030,Tangible assets,Category_030,SubCategory_030,"Description for Asset Group 030, categorized under Category_030.","{""image_url"": ""/uploads/assets/asset_030.jpg"", ""alt_text"": ""Asset Group 030""}","{""brand"": ""Brand_30"", ""model"": ""Model_30"", ""year"": 2020, ""specifications"": {""cpu"": ""Intel i3"", ""ram"": ""16GB"", ""storage"": ""256GB SSD""}}","{""tags"": [""tag30"", ""asset"", ""group""], ""priority"": ""high"", ""usage_type"": ""passive""}","{""monitoring"": {""temperature"": {""unit"": ""celsius"", ""range"": ""0-90""}, ""usage_hours"": {""unit"": ""hours"", ""tracking"": ""daily""}}}"
Asset Group 031,Intangible assets,Category_031,SubCategory_031,"Description for Asset Group 031, categorized under Category_031.","{""image_url"": ""/uploads/assets/asset_031.jpg"", ""alt_text"": ""Asset Group 031""}","{""brand"": ""Brand_31"", ""model"": ""Model_31"", ""year"": 2021, ""specifications"": {""cpu"": ""Intel i4"", ""ram"": ""20GB"", ""storage"": ""384GB SSD""}}","{""tags"": [""tag31"", ""asset"", ""group""], ""priority"": ""critical"", ""usage_type"": ""continuous""}","{""monitoring"": {""temperature"": {""unit"": ""celsius"", ""range"": ""0-91""}, ""usage_hours"": {""unit"": ""hours"", ""tracking"": ""daily""}}}"
Asset Group 032,Operating assets,Category_032,SubCategory_032,"Description for Asset Group 032, categorized under Category_032.","{""image_url"": ""/uploads/assets/asset_032.jpg"", ""alt_text"": ""Asset Group 032""}","{""brand"": ""Brand_32"", ""model"": ""Model_32"", ""year"": 2022, ""specifications"": {""cpu"": ""Intel i5"", ""ram"": ""8GB"", ""storage"": ""512GB SSD""}}","{""tags"": [""tag32"", ""asset"", ""group""], ""priority"": ""medium"", ""usage_type"": ""daily""}","{""monitoring"": {""temperature"": {""unit"": ""celsius"", ""range"": ""0-92""}, ""usage_hours"": {""unit"": ""hours"", ""tracking"": ""daily""}}}"
Asset Group 033,Operating assets,Category_033,SubCategory_033,"Description for Asset Group 033, categorized under Category_033.","{""image_url"": ""/uploads/assets/asset_033.jpg"", ""alt_text"": ""Asset Group 033""}","{""brand"": ""Brand_33"", ""model"": ""Model_33"", ""year"": 2023, ""specifications"": {""cpu"": ""Intel i6"", ""ram"": ""12GB"", ""storage"": ""640GB SSD""}}","{""tags"": [""tag33"", ""asset"", ""group""], ""priority"": ""low"", ""usage_type"": ""continuous""}","{""monitoring"": {""temperature"": {""unit"": ""celsius"", ""range"": ""0-93""}, ""usage_hours"": {""unit"": ""hours"", ""tracking"": ""daily""}}}"
Asset Group 034,Tangible assets,Category_034,SubCategory_034,"Description for Asset Group 034, categorized under Category_034.","{""image_url"": ""/uploads/assets/asset_034.jpg"", ""alt_text"": ""Asset Group 034""}","{""brand"": ""Brand_34"", ""model"": ""Model_34"", ""year"": 2024, ""specifications"": {""cpu"": ""Intel i7"", ""ram"": ""16GB"", ""storage"": ""768GB SSD""}}","{""tags"": [""tag34"", ""asset"", ""group""], ""priority"": ""medium"", ""usage_type"": ""passive""}","{""monitoring"": {""temperature"": {""unit"": ""celsius"", ""range"": ""0-94""}, ""usage_hours"": {""unit"": ""hours"", ""tracking"": ""daily""}}}"
Asset Group 035,Fixed assets,Category_035,SubCategory_035,"Description for Asset Group 035, categorized under Category_035.","{""image_url"": ""/uploads/assets/asset_035.jpg"", ""alt_text"": ""Asset Group 035""}","{""brand"": ""Brand_35"", ""model"": ""Model_35"", ""year"": 2025, ""specifications"": {""cpu"": ""Intel i8"", ""ram"": ""20GB"", ""storage"": ""256GB SSD""}}","{""tags"": [""tag35"", ""asset"", ""group""], ""priority"": ""high"", ""usage_type"": ""daily""}","{""monitoring"": {""temperature"": {""unit"": ""celsius"", ""range"": ""0-95""}, ""usage_hours"": {""unit"": ""hours"", ""tracking"": ""daily""}}}"
Asset Group 036,Intangible assets,Category_036,SubCategory_036,"Description for Asset Group 036, categorized under Category_036.","{""image_url"": ""/uploads/assets/asset_036.jpg"", ""alt_text"": ""Asset Group 036""}","{""brand"": ""Brand_36"", ""model"": ""Model_36"", ""year"": 2020, ""specifications"": {""cpu"": ""Intel i0"", ""ram"": ""8GB"", ""storage"": ""384GB SSD""}}","{""tags"": [""tag36"", ""asset"", ""group""], ""priority"": ""low"", ""usage_type"": ""passive""}","{""monitoring"": {""temperature"": {""unit"": ""celsius"", ""range"": ""0-96""}, ""usage_hours"": {""unit"": ""hours"", ""tracking"": ""daily""}}}"
Asset Group 037,Fixed assets,Category_037,SubCategory_037,"Description for Asset Group 037, categorized under Category_037.","{""image_url"": ""/uploads/assets/asset_037.jpg"", ""alt_text"": ""Asset Group 037""}","{""brand"": ""Brand_37"", ""model"": ""Model_37"", ""year"": 2021, ""specifications"": {""cpu"": ""Intel i1"", ""ram"": ""12GB"", ""storage"": ""512GB SSD""}}","{""tags"": [""tag37"", ""asset"", ""group""], ""priority"": ""critical"", ""usage_type"": ""continuous""}","{""monitoring"": {""temperature"": {""unit"": ""celsius"", ""range"": ""0-97""}, ""usage_hours"": {""unit"": ""hours"", ""tracking"": ""daily""}}}"
Asset Group 038,Non-operating assets,Category_038,SubCategory_038,"Description for Asset Group 038, categorized under Category_038.","{""image_url"": ""/uploads/assets/asset_038.jpg"", ""alt_text"": ""Asset Group 038""}","{""brand"": ""Brand_38"", ""model"": ""Model_38"", ""year"": 2022, ""specifications"": {""cpu"": ""Intel i2"", ""ram"": ""16GB"", ""storage"": ""640GB SSD""}}","{""tags"": [""tag38"", ""asset"", ""group""], ""priority"": ""critical"", ""usage_type"": ""business""}","{""monitoring"": {""temperature"": {""unit"": ""celsius"", ""range"": ""0-98""}, ""usage_hours"": {""unit"": ""hours"", ""tracking"": ""daily""}}}"
Asset Group 039,Fixed assets,Category_039,SubCategory_039,"Description for Asset Group 039, categorized under Category_039.","{""image_url"": ""/uploads/assets/asset_039.jpg"", ""alt_text"": ""Asset Group 039""}","{""brand"": ""Brand_39"", ""model"": ""Model_39"", ""year"": 2023, ""specifications"": {""cpu"": ""Intel i3"", ""ram"": ""20GB"", ""storage"": ""768GB SSD""}}","{""tags"": [""tag39"", ""asset"", ""group""], ""priority"": ""high"", ""usage_type"": ""daily""}","{""monitoring"": {""temperature"": {""unit"": ""celsius"", ""range"": ""0-99""}, ""usage_hours"": {""unit"": ""hours"", ""tracking"": ""daily""}}}"
Asset Group 040,Fixed assets,Category_040,SubCategory_040,"Description for Asset Group 040, categorized under Category_040.","{""image_url"": ""/uploads/assets/asset_040.jpg"", ""alt_text"": ""Asset Group 040""}","{""brand"": ""Brand_40"", ""model"": ""Model_40"", ""year"": 2024, ""specifications"": {""cpu"": ""Intel i4"", ""ram"": ""8GB"", ""storage"": ""256GB SSD""}}","{""tags"": [""tag40"", ""asset"", ""group""], ""priority"": ""medium"", ""usage_type"": ""continuous""}","{""monitoring"": {""temperature"": {""unit"": ""celsius"", ""range"": ""0-60""}, ""usage_hours"": {""unit"": ""hours"", ""tracking"": ""daily""}}}"
Asset Group 041,Intangible assets,Category_041,SubCategory_041,"Description for Asset Group 041, categorized under Category_041.","{""image_url"": ""/uploads/assets/asset_041.jpg"", ""alt_text"": ""Asset Group 041""}","{""brand"": ""Brand_41"", ""model"": ""Model_41"", ""year"": 2025, ""specifications"": {""cpu"": ""Intel i5"", ""ram"": ""12GB"", ""storage"": ""384GB SSD""}}","{""tags"": [""tag41"", ""asset"", ""group""], ""priority"": ""critical"", ""usage_type"": ""passive""}","{""monitoring"": {""temperature"": {""unit"": ""celsius"", ""range"": ""0-61""}, ""usage_hours"": {""unit"": ""hours"", ""tracking"": ""daily""}}}"
Asset Group 042,Fixed assets,Category_042,SubCategory_042,"Description for Asset Group 042, categorized under Category_042.","{""image_url"": ""/uploads/assets/asset_042.jpg"", ""alt_text"": ""Asset Group 042""}","{""brand"": ""Brand_42"", ""model"": ""Model_42"", ""year"": 2020, ""specifications"": {""cpu"": ""Intel i6"", ""ram"": ""16GB"", ""storage"": ""512GB SSD""}}","{""tags"": [""tag42"", ""asset"", ""group""], ""priority"": ""critical"", ""usage_type"": ""continuous""}","{""monitoring"": {""temperature"": {""unit"": ""celsius"", ""range"": ""0-62""}, ""usage_hours"": {""unit"": ""hours"", ""tracking"": ""daily""}}}"
Asset Group 043,Fixed assets,Category_043,SubCategory_043,"Description for Asset Group 043, categorized under Category_043.","{""image_url"": ""/uploads/assets/asset_043.jpg"", ""alt_text"": ""Asset Group 043""}","{""brand"": ""Brand_43"", ""model"": ""Model_43"", ""year"": 2021, ""specifications"": {""cpu"": ""Intel i7"", ""ram"": ""20GB"", ""storage"": ""640GB SSD""}}","{""tags"": [""tag43"", ""asset"", ""group""], ""priority"": ""critical"", ""usage_type"": ""passive""}","{""monitoring"": {""temperature"": {""unit"": ""celsius"", ""range"": ""0-63""}, ""usage_hours"": {""unit"": ""hours"", ""tracking"": ""daily""}}}"
Asset Group 044,Non-operating assets,Category_044,SubCategory_044,"Description for Asset Group 044, categorized under Category_044.","{""image_url"": ""/uploads/assets/asset_044.jpg"", ""alt_text"": ""Asset Group 044""}","{""brand"": ""Brand_44"", ""model"": ""Model_44"", ""year"": 2022, ""specifications"": {""cpu"": ""Intel i8"", ""ram"": ""8GB"", ""storage"": ""768GB SSD""}}","{""tags"": [""tag44"", ""asset"", ""group""], ""priority"": ""low"", ""usage_type"": ""passive""}","{""monitoring"": {""temperature"": {""unit"": ""celsius"", ""range"": ""0-64""}, ""usage_hours"": {""unit"": ""hours"", ""tracking"": ""daily""}}}"
Asset Group 045,Intangible assets,Category_045,SubCategory_045,"Description for Asset Group 045, categorized under Category_045.","{""image_url"": ""/uploads/assets/asset_045.jpg"", ""alt_text"": ""Asset Group 045""}","{""brand"": ""Brand_45"", ""model"": ""Model_45"", ""year"": 2023, ""specifications"": {""cpu"": ""Intel i0"", ""ram"": ""12GB"", ""storage"": ""256GB SSD""}}","{""tags"": [""tag45"", ""asset"", ""group""], ""priority"": ""critical"", ""usage_type"": ""continuous""}","{""monitoring"": {""temperature"": {""unit"": ""celsius"", ""range"": ""0-65""}, ""usage_hours"": {""unit"": ""hours"", ""tracking"": ""daily""}}}"
Asset Group 046,Tangible assets,Category_046,SubCategory_046,"Description for Asset Group 046, categorized under Category_046.","{""image_url"": ""/uploads/assets/asset_046.jpg"", ""alt_text"": ""Asset Group 046""}","{""brand"": ""Brand_46"", ""model"": ""Model_46"", ""year"": 2024, ""specifications"": {""cpu"": ""Intel i1"", ""ram"": ""16GB"", ""storage"": ""384GB SSD""}}","{""tags"": [""tag46"", ""asset"", ""group""], ""priority"": ""low"", ""usage_type"": ""passive""}","{""monitoring"": {""temperature"": {""unit"": ""celsius"", ""range"": ""0-66""}, ""usage_hours"": {""unit"": ""hours"", ""tracking"": ""daily""}}}"
Asset Group 047,Operating assets,Category_047,SubCategory_047,"Description for Asset Group 047, categorized under Category_047.","{""image_url"": ""/uploads/assets/asset_047.jpg"", ""alt_text"": ""Asset Group 047""}","{""brand"": ""Brand_47"", ""model"": ""Model_47"", ""year"": 2025, ""specifications"": {""cpu"": ""Intel i2"", ""ram"": ""20GB"", ""storage"": ""512GB SSD""}}","{""tags"": [""tag47"", ""asset"", ""group""], ""priority"": ""medium"", ""usage_type"": ""business""}","{""monitoring"": {""temperature"": {""unit"": ""celsius"", ""range"": ""0-67""}, ""usage_hours"": {""unit"": ""hours"", ""tracking"": ""daily""}}}"
Asset Group 048,Intangible assets,Category_048,SubCategory_048,"Description for Asset Group 048, categorized under Category_048.","{""image_url"": ""/uploads/assets/asset_048.jpg"", ""alt_text"": ""Asset Group 048""}","{""brand"": ""Brand_48"", ""model"": ""Model_48"", ""year"": 2020, ""specifications"": {""cpu"": ""Intel i3"", ""ram"": ""8GB"", ""storage"": ""640GB SSD""}}","{""tags"": [""tag48"", ""asset"", ""group""], ""priority"": ""medium"", ""usage_type"": ""passive""}","{""monitoring"": {""temperature"": {""unit"": ""celsius"", ""range"": ""0-68""}, ""usage_hours"": {""unit"": ""hours"", ""tracking"": ""daily""}}}"
Asset Group 049,Non-operating assets,Category_049,SubCategory_049,"Description for Asset Group 049, categorized under Category_049.","{""image_url"": ""/uploads/assets/asset_049.jpg"", ""alt_text"": ""Asset Group 049""}","{""brand"": ""Brand_49"", ""model"": ""Model_49"", ""year"": 2021, ""specifications"": {""cpu"": ""Intel i4"", ""ram"": ""12GB"", ""storage"": ""768GB SSD""}}","{""tags"": [""tag49"", ""asset"", ""group""], ""priority"": ""low"", ""usage_type"": ""business""}","{""monitoring"": {""temperature"": {""unit"": ""celsius"", ""range"": ""0-69""}, ""usage_hours"": {""unit"": ""hours"", ""tracking"": ""daily""}}}"
Asset Group 050,Fixed assets,Category_050,SubCategory_050,"Description for Asset Group 050, categorized under Category_050.","{""image_url"": ""/uploads/assets/asset_050.jpg"", ""alt_text"": ""Asset Group 050""}","{""brand"": ""Brand_50"", ""model"": ""Model_50"", ""year"": 2022, ""specifications"": {""cpu"": ""Intel i5"", ""ram"": ""16GB"", ""storage"": ""256GB SSD""}}","{""tags"": [""tag50"", ""asset"", ""group""], ""priority"": ""low"", ""usage_type"": ""passive""}","{""monitoring"": {""temperature"": {""unit"": ""celsius"", ""range"": ""0-70""}, ""usage_hours"": {""unit"": ""hours"", ""tracking"": ""daily""}}}"
Asset Group 051,Operating assets,Category_051,SubCategory_051,"Description for Asset Group 051, categorized under Category_051.","{""image_url"": ""/uploads/assets/asset_051.jpg"", ""alt_text"": ""Asset Group 051""}","{""brand"": ""Brand_51"", ""model"": ""Model_51"", ""year"": 2023, ""specifications"": {""cpu"": ""Intel i6"", ""ram"": ""20GB"", ""storage"": ""384GB SSD""}}","{""tags"": [""tag51"", ""asset"", ""group""], ""priority"": ""critical"", ""usage_type"": ""daily""}","{""monitoring"": {""temperature"": {""unit"": ""celsius"", ""range"": ""0-71""}, ""usage_hours"": {""unit"": ""hours"", ""tracking"": ""daily""}}}"
Asset Group 052,Operating assets,Category_052,SubCategory_052,"Description for Asset Group 052, categorized under Category_052.","{""image_url"": ""/uploads/assets/asset_052.jpg"", ""alt_text"": ""Asset Group 052""}","{""brand"": ""Brand_52"", ""model"": ""Model_52"", ""year"": 2024, ""specifications"": {""cpu"": ""Intel i7"", ""ram"": ""8GB"", ""storage"": ""512GB SSD""}}","{""tags"": [""tag52"", ""asset"", ""group""], ""priority"": ""medium"", ""usage_type"": ""passive""}","{""monitoring"": {""temperature"": {""unit"": ""celsius"", ""range"": ""0-72""}, ""usage_hours"": {""unit"": ""hours"", ""tracking"": ""daily""}}}"
Asset Group 053,Non-operating assets,Category_053,SubCategory_053,"Description for Asset Group 053, categorized under Category_053.","{""image_url"": ""/uploads/assets/asset_053.jpg"", ""alt_text"": ""Asset Group 053""}","{""brand"": ""Brand_53"", ""model"": ""Model_53"", ""year"": 2025, ""specifications"": {""cpu"": ""Intel i8"", ""ram"": ""12GB"", ""storage"": ""640GB SSD""}}","{""tags"": [""tag53"", ""asset"", ""group""], ""priority"": ""high"", ""usage_type"": ""passive""}","{""monitoring"": {""temperature"": {""unit"": ""celsius"", ""range"": ""0-73""}, ""usage_hours"": {""unit"": ""hours"", ""tracking"": ""daily""}}}"
Asset Group 054,Intangible assets,Category_054,SubCategory_054,"Description for Asset Group 054, categorized under Category_054.","{""image_url"": ""/uploads/assets/asset_054.jpg"", ""alt_text"": ""Asset Group 054""}","{""brand"": ""Brand_54"", ""model"": ""Model_54"", ""year"": 2020, ""specifications"": {""cpu"": ""Intel i0"", ""ram"": ""16GB"", ""storage"": ""768GB SSD""}}","{""tags"": [""tag54"", ""asset"", ""group""], ""priority"": ""low"", ""usage_type"": ""passive""}","{""monitoring"": {""temperature"": {""unit"": ""celsius"", ""range"": ""0-74""}, ""usage_hours"": {""unit"": ""hours"", ""tracking"": ""daily""}}}"
Asset Group 055,Fixed assets,Category_055,SubCategory_055,"Description for Asset Group 055, categorized under Category_055.","{""image_url"": ""/uploads/assets/asset_055.jpg"", ""alt_text"": ""Asset Group 055""}","{""brand"": ""Brand_55"", ""model"": ""Model_55"", ""year"": 2021, ""specifications"": {""cpu"": ""Intel i1"", ""ram"": ""20GB"", ""storage"": ""256GB SSD""}}","{""tags"": [""tag55"", ""asset"", ""group""], ""priority"": ""high"", ""usage_type"": ""passive""}","{""monitoring"": {""temperature"": {""unit"": ""celsius"", ""range"": ""0-75""}, ""usage_hours"": {""unit"": ""hours"", ""tracking"": ""daily""}}}"
Asset Group 056,Fixed assets,Category_056,SubCategory_056,"Description for Asset Group 056, categorized under Category_056.","{""image_url"": ""/uploads/assets/asset_056.jpg"", ""alt_text"": ""Asset Group 056""}","{""brand"": ""Brand_56"", ""model"": ""Model_56"", ""year"": 2022, ""specifications"": {""cpu"": ""Intel i2"", ""ram"": ""8GB"", ""storage"": ""384GB SSD""}}","{""tags"": [""tag56"", ""asset"", ""group""], ""priority"": ""high"", ""usage_type"": ""business""}","{""monitoring"": {""temperature"": {""unit"": ""celsius"", ""range"": ""0-76""}, ""usage_hours"": {""unit"": ""hours"", ""tracking"": ""daily""}}}"
Asset Group 057,Tangible assets,Category_057,SubCategory_057,"Description for Asset Group 057, categorized under Category_057.","{""image_url"": ""/uploads/assets/asset_057.jpg"", ""alt_text"": ""Asset Group 057""}","{""brand"": ""Brand_57"", ""model"": ""Model_57"", ""year"": 2023, ""specifications"": {""cpu"": ""Intel i3"", ""ram"": ""12GB"", ""storage"": ""512GB SSD""}}","{""tags"": [""tag57"", ""asset"", ""group""], ""priority"": ""critical"", ""usage_type"": ""daily""}","{""monitoring"": {""temperature"": {""unit"": ""celsius"", ""range"": ""0-77""}, ""usage_hours"": {""unit"": ""hours"", ""tracking"": ""daily""}}}"
Asset Group 058,Intangible assets,Category_058,SubCategory_058,"Description for Asset Group 058, categorized under Category_058.","{""image_url"": ""/uploads/assets/asset_058.jpg"", ""alt_text"": ""Asset Group 058""}","{""brand"": ""Brand_58"", ""model"": ""Model_58"", ""year"": 2024, ""specifications"": {""cpu"": ""Intel i4"", ""ram"": ""16GB"", ""storage"": ""640GB SSD""}}","{""tags"": [""tag58"", ""asset"", ""group""], ""priority"": ""medium"", ""usage_type"": ""business""}","{""monitoring"": {""temperature"": {""unit"": ""celsius"", ""range"": ""0-78""}, ""usage_hours"": {""unit"": ""hours"", ""tracking"": ""daily""}}}"
Asset Group 059,Non-operating assets,Category_059,SubCategory_059,"Description for Asset Group 059, categorized under Category_059.","{""image_url"": ""/uploads/assets/asset_059.jpg"", ""alt_text"": ""Asset Group 059""}","{""brand"": ""Brand_59"", ""model"": ""Model_59"", ""year"": 2025, ""specifications"": {""cpu"": ""Intel i5"", ""ram"": ""20GB"", ""storage"": ""768GB SSD""}}","{""tags"": [""tag59"", ""asset"", ""group""], ""priority"": ""critical"", ""usage_type"": ""continuous""}","{""monitoring"": {""temperature"": {""unit"": ""celsius"", ""range"": ""0-79""}, ""usage_hours"": {""unit"": ""hours"", ""tracking"": ""daily""}}}"
Asset Group 060,Tangible assets,Category_060,SubCategory_060,"Description for Asset Group 060, categorized under Category_060.","{""image_url"": ""/uploads/assets/asset_060.jpg"", ""alt_text"": ""Asset Group 060""}","{""brand"": ""Brand_60"", ""model"": ""Model_60"", ""year"": 2020, ""specifications"": {""cpu"": ""Intel i6"", ""ram"": ""8GB"", ""storage"": ""256GB SSD""}}","{""tags"": [""tag60"", ""asset"", ""group""], ""priority"": ""medium"", ""usage_type"": ""continuous""}","{""monitoring"": {""temperature"": {""unit"": ""celsius"", ""range"": ""0-80""}, ""usage_hours"": {""unit"": ""hours"", ""tracking"": ""daily""}}}"
Asset Group 061,Fixed assets,Category_061,SubCategory_061,"Description for Asset Group 061, categorized under Category_061.","{""image_url"": ""/uploads/assets/asset_061.jpg"", ""alt_text"": ""Asset Group 061""}","{""brand"": ""Brand_61"", ""model"": ""Model_61"", ""year"": 2021, ""specifications"": {""cpu"": ""Intel i7"", ""ram"": ""12GB"", ""storage"": ""384GB SSD""}}","{""tags"": [""tag61"", ""asset"", ""group""], ""priority"": ""critical"", ""usage_type"": ""continuous""}","{""monitoring"": {""temperature"": {""unit"": ""celsius"", ""range"": ""0-81""}, ""usage_hours"": {""unit"": ""hours"", ""tracking"": ""daily""}}}"
Asset Group 062,Intangible assets,Category_062,SubCategory_062,"Description for Asset Group 062, categorized under Category_062.","{""image_url"": ""/uploads/assets/asset_062.jpg"", ""alt_text"": ""Asset Group 062""}","{""brand"": ""Brand_62"", ""model"": ""Model_62"", ""year"": 2022, ""specifications"": {""cpu"": ""Intel i8"", ""ram"": ""16GB"", ""storage"": ""512GB SSD""}}","{""tags"": [""tag62"", ""asset"", ""group""], ""priority"": ""low"", ""usage_type"": ""business""}","{""monitoring"": {""temperature"": {""unit"": ""celsius"", ""range"": ""0-82""}, ""usage_hours"": {""unit"": ""hours"", ""tracking"": ""daily""}}}"
Asset Group 063,Tangible assets,Category_063,SubCategory_063,"Description for Asset Group 063, categorized under Category_063.","{""image_url"": ""/uploads/assets/asset_063.jpg"", ""alt_text"": ""Asset Group 063""}","{""brand"": ""Brand_63"", ""model"": ""Model_63"", ""year"": 2023, ""specifications"": {""cpu"": ""Intel i0"", ""ram"": ""20GB"", ""storage"": ""640GB SSD""}}","{""tags"": [""tag63"", ""asset"", ""group""], ""priority"": ""high"", ""usage_type"": ""business""}","{""monitoring"": {""temperature"": {""unit"": ""celsius"", ""range"": ""0-83""}, ""usage_hours"": {""unit"": ""hours"", ""tracking"": ""daily""}}}"
Asset Group 064,Fixed assets,Category_064,SubCategory_064,"Description for Asset Group 064, categorized under Category_064.","{""image_url"": ""/uploads/assets/asset_064.jpg"", ""alt_text"": ""Asset Group 064""}","{""brand"": ""Brand_64"", ""model"": ""Model_64"", ""year"": 2024, ""specifications"": {""cpu"": ""Intel i1"", ""ram"": ""8GB"", ""storage"": ""768GB SSD""}}","{""tags"": [""tag64"", ""asset"", ""group""], ""priority"": ""medium"", ""usage_type"": ""daily""}","{""monitoring"": {""temperature"": {""unit"": ""celsius"", ""range"": ""0-84""}, ""usage_hours"": {""unit"": ""hours"", ""tracking"": ""daily""}}}"
Asset Group 065,Fixed assets,Category_065,SubCategory_065,"Description for Asset Group 065, categorized under Category_065.","{""image_url"": ""/uploads/assets/asset_065.jpg"", ""alt_text"": ""Asset Group 065""}","{""brand"": ""Brand_65"", ""model"": ""Model_65"", ""year"": 2025, ""specifications"": {""cpu"": ""Intel i2"", ""ram"": ""12GB"", ""storage"": ""256GB SSD""}}","{""tags"": [""tag65"", ""asset"", ""group""], ""priority"": ""high"", ""usage_type"": ""passive""}","{""monitoring"": {""temperature"": {""unit"": ""celsius"", ""range"": ""0-85""}, ""usage_hours"": {""unit"": ""hours"", ""tracking"": ""daily""}}}"
Asset Group 066,Tangible assets,Category_066,SubCategory_066,"Description for Asset Group 066, categorized under Category_066.","{""image_url"": ""/uploads/assets/asset_066.jpg"", ""alt_text"": ""Asset Group 066""}","{""brand"": ""Brand_66"", ""model"": ""Model_66"", ""year"": 2020, ""specifications"": {""cpu"": ""Intel i3"", ""ram"": ""16GB"", ""storage"": ""384GB SSD""}}","{""tags"": [""tag66"", ""asset"", ""group""], ""priority"": ""high"", ""usage_type"": ""continuous""}","{""monitoring"": {""temperature"": {""unit"": ""celsius"", ""range"": ""0-86""}, ""usage_hours"": {""unit"": ""hours"", ""tracking"": ""daily""}}}"
Asset Group 067,Tangible assets,Category_067,SubCategory_067,"Description for Asset Group 067, categorized under Category_067.","{""image_url"": ""/uploads/assets/asset_067.jpg"", ""alt_text"": ""Asset Group 067""}","{""brand"": ""Brand_67"", ""model"": ""Model_67"", ""year"": 2021, ""specifications"": {""cpu"": ""Intel i4"", ""ram"": ""20GB"", ""storage"": ""512GB SSD""}}","{""tags"": [""tag67"", ""asset"", ""group""], ""priority"": ""critical"", ""usage_type"": ""business""}","{""monitoring"": {""temperature"": {""unit"": ""celsius"", ""range"": ""0-87""}, ""usage_hours"": {""unit"": ""hours"", ""tracking"": ""daily""}}}"
Asset Group 068,Tangible assets,Category_068,SubCategory_068,"Description for Asset Group 068, categorized under Category_068.","{""image_url"": ""/uploads/assets/asset_068.jpg"", ""alt_text"": ""Asset Group 068""}","{""brand"": ""Brand_68"", ""model"": ""Model_68"", ""year"": 2022, ""specifications"": {""cpu"": ""Intel i5"", ""ram"": ""8GB"", ""storage"": ""640GB SSD""}}","{""tags"": [""tag68"", ""asset"", ""group""], ""priority"": ""low"", ""usage_type"": ""passive""}","{""monitoring"": {""temperature"": {""unit"": ""celsius"", ""range"": ""0-88""}, ""usage_hours"": {""unit"": ""hours"", ""tracking"": ""daily""}}}"
Asset Group 069,Fixed assets,Category_069,SubCategory_069,"Description for Asset Group 069, categorized under Category_069.","{""image_url"": ""/uploads/assets/asset_069.jpg"", ""alt_text"": ""Asset Group 069""}","{""brand"": ""Brand_69"", ""model"": ""Model_69"", ""year"": 2023, ""specifications"": {""cpu"": ""Intel i6"", ""ram"": ""12GB"", ""storage"": ""768GB SSD""}}","{""tags"": [""tag69"", ""asset"", ""group""], ""priority"": ""medium"", ""usage_type"": ""passive""}","{""monitoring"": {""temperature"": {""unit"": ""celsius"", ""range"": ""0-89""}, ""usage_hours"": {""unit"": ""hours"", ""tracking"": ""daily""}}}"
Asset Group 070,Intangible assets,Category_070,SubCategory_070,"Description for Asset Group 070, categorized under Category_070.","{""image_url"": ""/uploads/assets/asset_070.jpg"", ""alt_text"": ""Asset Group 070""}","{""brand"": ""Brand_70"", ""model"": ""Model_70"", ""year"": 2024, ""specifications"": {""cpu"": ""Intel i7"", ""ram"": ""16GB"", ""storage"": ""256GB SSD""}}","{""tags"": [""tag70"", ""asset"", ""group""], ""priority"": ""critical"", ""usage_type"": ""business""}","{""monitoring"": {""temperature"": {""unit"": ""celsius"", ""range"": ""0-90""}, ""usage_hours"": {""unit"": ""hours"", ""tracking"": ""daily""}}}"
Asset Group 071,Operating assets,Category_071,SubCategory_071,"Description for Asset Group 071, categorized under Category_071.","{""image_url"": ""/uploads/assets/asset_071.jpg"", ""alt_text"": ""Asset Group 071""}","{""brand"": ""Brand_71"", ""model"": ""Model_71"", ""year"": 2025, ""specifications"": {""cpu"": ""Intel i8"", ""ram"": ""20GB"", ""storage"": ""384GB SSD""}}","{""tags"": [""tag71"", ""asset"", ""group""], ""priority"": ""critical"", ""usage_type"": ""daily""}","{""monitoring"": {""temperature"": {""unit"": ""celsius"", ""range"": ""0-91""}, ""usage_hours"": {""unit"": ""hours"", ""tracking"": ""daily""}}}"
Asset Group 072,Operating assets,Category_072,SubCategory_072,"Description for Asset Group 072, categorized under Category_072.","{""image_url"": ""/uploads/assets/asset_072.jpg"", ""alt_text"": ""Asset Group 072""}","{""brand"": ""Brand_72"", ""model"": ""Model_72"", ""year"": 2020, ""specifications"": {""cpu"": ""Intel i0"", ""ram"": ""8GB"", ""storage"": ""512GB SSD""}}","{""tags"": [""tag72"", ""asset"", ""group""], ""priority"": ""low"", ""usage_type"": ""continuous""}","{""monitoring"": {""temperature"": {""unit"": ""celsius"", ""range"": ""0-92""}, ""usage_hours"": {""unit"": ""hours"", ""tracking"": ""daily""}}}"
Asset Group 073,Intangible assets,Category_073,SubCategory_073,"Description for Asset Group 073, categorized under Category_073.","{""image_url"": ""/uploads/assets/asset_073.jpg"", ""alt_text"": ""Asset Group 073""}","{""brand"": ""Brand_73"", ""model"": ""Model_73"", ""year"": 2021, ""specifications"": {""cpu"": ""Intel i1"", ""ram"": ""12GB"", ""storage"": ""640GB SSD""}}","{""tags"": [""tag73"", ""asset"", ""group""], ""priority"": ""critical"", ""usage_type"": ""business""}","{""monitoring"": {""temperature"": {""unit"": ""celsius"", ""range"": ""0-93""}, ""usage_hours"": {""unit"": ""hours"", ""tracking"": ""daily""}}}"
Asset Group 074,Non-operating assets,Category_074,SubCategory_074,"Description for Asset Group 074, categorized under Category_074.","{""image_url"": ""/uploads/assets/asset_074.jpg"", ""alt_text"": ""Asset Group 074""}","{""brand"": ""Brand_74"", ""model"": ""Model_74"", ""year"": 2022, ""specifications"": {""cpu"": ""Intel i2"", ""ram"": ""16GB"", ""storage"": ""768GB SSD""}}","{""tags"": [""tag74"", ""asset"", ""group""], ""priority"": ""high"", ""usage_type"": ""continuous""}","{""monitoring"": {""temperature"": {""unit"": ""celsius"", ""range"": ""0-94""}, ""usage_hours"": {""unit"": ""hours"", ""tracking"": ""daily""}}}"
Asset Group 075,Fixed assets,Category_075,SubCategory_075,"Description for Asset Group 075, categorized under Category_075.","{""image_url"": ""/uploads/assets/asset_075.jpg"", ""alt_text"": ""Asset Group 075""}","{""brand"": ""Brand_75"", ""model"": ""Model_75"", ""year"": 2023, ""specifications"": {""cpu"": ""Intel i3"", ""ram"": ""20GB"", ""storage"": ""256GB SSD""}}","{""tags"": [""tag75"", ""asset"", ""group""], ""priority"": ""critical"", ""usage_type"": ""daily""}","{""monitoring"": {""temperature"": {""unit"": ""celsius"", ""range"": ""0-95""}, ""usage_hours"": {""unit"": ""hours"", ""tracking"": ""daily""}}}"
Asset Group 076,Operating assets,Category_076,SubCategory_076,"Description for Asset Group 076, categorized under Category_076.","{""image_url"": ""/uploads/assets/asset_076.jpg"", ""alt_text"": ""Asset Group 076""}","{""brand"": ""Brand_76"", ""model"": ""Model_76"", ""year"": 2024, ""specifications"": {""cpu"": ""Intel i4"", ""ram"": ""8GB"", ""storage"": ""384GB SSD""}}","{""tags"": [""tag76"", ""asset"", ""group""], ""priority"": ""critical"", ""usage_type"": ""passive""}","{""monitoring"": {""temperature"": {""unit"": ""celsius"", ""range"": ""0-96""}, ""usage_hours"": {""unit"": ""hours"", ""tracking"": ""daily""}}}"
Asset Group 077,Fixed assets,Category_077,SubCategory_077,"Description for Asset Group 077, categorized under Category_077.","{""image_url"": ""/uploads/assets/asset_077.jpg"", ""alt_text"": ""Asset Group 077""}","{""brand"": ""Brand_77"", ""model"": ""Model_77"", ""year"": 2025, ""specifications"": {""cpu"": ""Intel i5"", ""ram"": ""12GB"", ""storage"": ""512GB SSD""}}","{""tags"": [""tag77"", ""asset"", ""group""], ""priority"": ""critical"", ""usage_type"": ""business""}","{""monitoring"": {""temperature"": {""unit"": ""celsius"", ""range"": ""0-97""}, ""usage_hours"": {""unit"": ""hours"", ""tracking"": ""daily""}}}"
Asset Group 078,Tangible assets,Category_078,SubCategory_078,"Description for Asset Group 078, categorized under Category_078.","{""image_url"": ""/uploads/assets/asset_078.jpg"", ""alt_text"": ""Asset Group 078""}","{""brand"": ""Brand_78"", ""model"": ""Model_78"", ""year"": 2020, ""specifications"": {""cpu"": ""Intel i6"", ""ram"": ""16GB"", ""storage"": ""640GB SSD""}}","{""tags"": [""tag78"", ""asset"", ""group""], ""priority"": ""low"", ""usage_type"": ""continuous""}","{""monitoring"": {""temperature"": {""unit"": ""celsius"", ""range"": ""0-98""}, ""usage_hours"": {""unit"": ""hours"", ""tracking"": ""daily""}}}"
Asset Group 079,Non-operating assets,Category_079,SubCategory_079,"Description for Asset Group 079, categorized under Category_079.","{""image_url"": ""/uploads/assets/asset_079.jpg"", ""alt_text"": ""Asset Group 079""}","{""brand"": ""Brand_79"", ""model"": ""Model_79"", ""year"": 2021, ""specifications"": {""cpu"": ""Intel i7"", ""ram"": ""20GB"", ""storage"": ""768GB SSD""}}","{""tags"": [""tag79"", ""asset"", ""group""], ""priority"": ""high"", ""usage_type"": ""continuous""}","{""monitoring"": {""temperature"": {""unit"": ""celsius"", ""range"": ""0-99""}, ""usage_hours"": {""unit"": ""hours"", ""tracking"": ""daily""}}}"
Asset Group 080,Intangible assets,Category_080,SubCategory_080,"Description for Asset Group 080, categorized under Category_080.","{""image_url"": ""/uploads/assets/asset_080.jpg"", ""alt_text"": ""Asset Group 080""}","{""brand"": ""Brand_80"", ""model"": ""Model_80"", ""year"": 2022, ""specifications"": {""cpu"": ""Intel i8"", ""ram"": ""8GB"", ""storage"": ""256GB SSD""}}","{""tags"": [""tag80"", ""asset"", ""group""], ""priority"": ""high"", ""usage_type"": ""business""}","{""monitoring"": {""temperature"": {""unit"": ""celsius"", ""range"": ""0-60""}, ""usage_hours"": {""unit"": ""hours"", ""tracking"": ""daily""}}}"
Asset Group 081,Tangible assets,Category_081,SubCategory_081,"Description for Asset Group 081, categorized under Category_081.","{""image_url"": ""/uploads/assets/asset_081.jpg"", ""alt_text"": ""Asset Group 081""}","{""brand"": ""Brand_81"", ""model"": ""Model_81"", ""year"": 2023, ""specifications"": {""cpu"": ""Intel i0"", ""ram"": ""12GB"", ""storage"": ""384GB SSD""}}","{""tags"": [""tag81"", ""asset"", ""group""], ""priority"": ""medium"", ""usage_type"": ""passive""}","{""monitoring"": {""temperature"": {""unit"": ""celsius"", ""range"": ""0-61""}, ""usage_hours"": {""unit"": ""hours"", ""tracking"": ""daily""}}}"
Asset Group 082,Intangible assets,Category_082,SubCategory_082,"Description for Asset Group 082, categorized under Category_082.","{""image_url"": ""/uploads/assets/asset_082.jpg"", ""alt_text"": ""Asset Group 082""}","{""brand"": ""Brand_82"", ""model"": ""Model_82"", ""year"": 2024, ""specifications"": {""cpu"": ""Intel i1"", ""ram"": ""16GB"", ""storage"": ""512GB SSD""}}","{""tags"": [""tag82"", ""asset"", ""group""], ""priority"": ""critical"", ""usage_type"": ""continuous""}","{""monitoring"": {""temperature"": {""unit"": ""celsius"", ""range"": ""0-62""}, ""usage_hours"": {""unit"": ""hours"", ""tracking"": ""daily""}}}"
Asset Group 083,Tangible assets,Category_083,SubCategory_083,"Description for Asset Group 083, categorized under Category_083.","{""image_url"": ""/uploads/assets/asset_083.jpg"", ""alt_text"": ""Asset Group 083""}","{""brand"": ""Brand_83"", ""model"": ""Model_83"", ""year"": 2025, ""specifications"": {""cpu"": ""Intel i2"", ""ram"": ""20GB"", ""storage"": ""640GB SSD""}}","{""tags"": [""tag83"", ""asset"", ""group""], ""priority"": ""medium"", ""usage_type"": ""business""}","{""monitoring"": {""temperature"": {""unit"": ""celsius"", ""range"": ""0-63""}, ""usage_hours"": {""unit"": ""hours"", ""tracking"": ""daily""}}}"
Asset Group 084,Fixed assets,Category_084,SubCategory_084,"Description for Asset Group 084, categorized under Category_084.","{""image_url"": ""/uploads/assets/asset_084.jpg"", ""alt_text"": ""Asset Group 084""}","{""brand"": ""Brand_84"", ""model"": ""Model_84"", ""year"": 2020, ""specifications"": {""cpu"": ""Intel i3"", ""ram"": ""8GB"", ""storage"": ""768GB SSD""}}","{""tags"": [""tag84"", ""asset"", ""group""], ""priority"": ""low"", ""usage_type"": ""continuous""}","{""monitoring"": {""temperature"": {""unit"": ""celsius"", ""range"": ""0-64""}, ""usage_hours"": {""unit"": ""hours"", ""tracking"": ""daily""}}}"
Asset Group 085,Fixed assets,Category_085,SubCategory_085,"Description for Asset Group 085, categorized under Category_085.","{""image_url"": ""/uploads/assets/asset_085.jpg"", ""alt_text"": ""Asset Group 085""}","{""brand"": ""Brand_85"", ""model"": ""Model_85"", ""year"": 2021, ""specifications"": {""cpu"": ""Intel i4"", ""ram"": ""12GB"", ""storage"": ""256GB SSD""}}","{""tags"": [""tag85"", ""asset"", ""group""], ""priority"": ""critical"", ""usage_type"": ""continuous""}","{""monitoring"": {""temperature"": {""unit"": ""celsius"", ""range"": ""0-65""}, ""usage_hours"": {""unit"": ""hours"", ""tracking"": ""daily""}}}"
Asset Group 086,Tangible assets,Category_086,SubCategory_086,"Description for Asset Group 086, categorized under Category_086.","{""image_url"": ""/uploads/assets/asset_086.jpg"", ""alt_text"": ""Asset Group 086""}","{""brand"": ""Brand_86"", ""model"": ""Model_86"", ""year"": 2022, ""specifications"": {""cpu"": ""Intel i5"", ""ram"": ""16GB"", ""storage"": ""384GB SSD""}}","{""tags"": [""tag86"", ""asset"", ""group""], ""priority"": ""low"", ""usage_type"": ""daily""}","{""monitoring"": {""temperature"": {""unit"": ""celsius"", ""range"": ""0-66""}, ""usage_hours"": {""unit"": ""hours"", ""tracking"": ""daily""}}}"
Asset Group 087,Intangible assets,Category_087,SubCategory_087,"Description for Asset Group 087, categorized under Category_087.","{""image_url"": ""/uploads/assets/asset_087.jpg"", ""alt_text"": ""Asset Group 087""}","{""brand"": ""Brand_87"", ""model"": ""Model_87"", ""year"": 2023, ""specifications"": {""cpu"": ""Intel i6"", ""ram"": ""20GB"", ""storage"": ""512GB SSD""}}","{""tags"": [""tag87"", ""asset"", ""group""], ""priority"": ""critical"", ""usage_type"": ""business""}","{""monitoring"": {""temperature"": {""unit"": ""celsius"", ""range"": ""0-67""}, ""usage_hours"": {""unit"": ""hours"", ""tracking"": ""daily""}}}"
Asset Group 088,Non-operating assets,Category_088,SubCategory_088,"Description for Asset Group 088, categorized under Category_088.","{""image_url"": ""/uploads/assets/asset_088.jpg"", ""alt_text"": ""Asset Group 088""}","{""brand"": ""Brand_88"", ""model"": ""Model_88"", ""year"": 2024, ""specifications"": {""cpu"": ""Intel i7"", ""ram"": ""8GB"", ""storage"": ""640GB SSD""}}","{""tags"": [""tag88"", ""asset"", ""group""], ""priority"": ""high"", ""usage_type"": ""passive""}","{""monitoring"": {""temperature"": {""unit"": ""celsius"", ""range"": ""0-68""}, ""usage_hours"": {""unit"": ""hours"", ""tracking"": ""daily""}}}"
Asset Group 089,Tangible assets,Category_089,SubCategory_089,"Description for Asset Group 089, categorized under Category_089.","{""image_url"": ""/uploads/assets/asset_089.jpg"", ""alt_text"": ""Asset Group 089""}","{""brand"": ""Brand_89"", ""model"": ""Model_89"", ""year"": 2025, ""specifications"": {""cpu"": ""Intel i8"", ""ram"": ""12GB"", ""storage"": ""768GB SSD""}}","{""tags"": [""tag89"", ""asset"", ""group""], ""priority"": ""high"", ""usage_type"": ""daily""}","{""monitoring"": {""temperature"": {""unit"": ""celsius"", ""range"": ""0-69""}, ""usage_hours"": {""unit"": ""hours"", ""tracking"": ""daily""}}}"
Asset Group 090,Non-operating assets,Category_090,SubCategory_090,"Description for Asset Group 090, categorized under Category_090.","{""image_url"": ""/uploads/assets/asset_090.jpg"", ""alt_text"": ""Asset Group 090""}","{""brand"": ""Brand_90"", ""model"": ""Model_90"", ""year"": 2020, ""specifications"": {""cpu"": ""Intel i0"", ""ram"": ""16GB"", ""storage"": ""256GB SSD""}}","{""tags"": [""tag90"", ""asset"", ""group""], ""priority"": ""high"", ""usage_type"": ""passive""}","{""monitoring"": {""temperature"": {""unit"": ""celsius"", ""range"": ""0-70""}, ""usage_hours"": {""unit"": ""hours"", ""tracking"": ""daily""}}}"
Asset Group 091,Fixed assets,Category_091,SubCategory_091,"Description for Asset Group 091, categorized under Category_091.","{""image_url"": ""/uploads/assets/asset_091.jpg"", ""alt_text"": ""Asset Group 091""}","{""brand"": ""Brand_91"", ""model"": ""Model_91"", ""year"": 2021, ""specifications"": {""cpu"": ""Intel i1"", ""ram"": ""20GB"", ""storage"": ""384GB SSD""}}","{""tags"": [""tag91"", ""asset"", ""group""], ""priority"": ""medium"", ""usage_type"": ""passive""}","{""monitoring"": {""temperature"": {""unit"": ""celsius"", ""range"": ""0-71""}, ""usage_hours"": {""unit"": ""hours"", ""tracking"": ""daily""}}}"
Asset Group 092,Operating assets,Category_092,SubCategory_092,"Description for Asset Group 092, categorized under Category_092.","{""image_url"": ""/uploads/assets/asset_092.jpg"", ""alt_text"": ""Asset Group 092""}","{""brand"": ""Brand_92"", ""model"": ""Model_92"", ""year"": 2022, ""specifications"": {""cpu"": ""Intel i2"", ""ram"": ""8GB"", ""storage"": ""512GB SSD""}}","{""tags"": [""tag92"", ""asset"", ""group""], ""priority"": ""low"", ""usage_type"": ""business""}","{""monitoring"": {""temperature"": {""unit"": ""celsius"", ""range"": ""0-72""}, ""usage_hours"": {""unit"": ""hours"", ""tracking"": ""daily""}}}"
Asset Group 093,Non-operating assets,Category_093,SubCategory_093,"Description for Asset Group 093, categorized under Category_093.","{""image_url"": ""/uploads/assets/asset_093.jpg"", ""alt_text"": ""Asset Group 093""}","{""brand"": ""Brand_93"", ""model"": ""Model_93"", ""year"": 2023, ""specifications"": {""cpu"": ""Intel i3"", ""ram"": ""12GB"", ""storage"": ""640GB SSD""}}","{""tags"": [""tag93"", ""asset"", ""group""], ""priority"": ""high"", ""usage_type"": ""business""}","{""monitoring"": {""temperature"": {""unit"": ""celsius"", ""range"": ""0-73""}, ""usage_hours"": {""unit"": ""hours"", ""tracking"": ""daily""}}}"
Asset Group 094,Fixed assets,Category_094,SubCategory_094,"Description for Asset Group 094, categorized under Category_094.","{""image_url"": ""/uploads/assets/asset_094.jpg"", ""alt_text"": ""Asset Group 094""}","{""brand"": ""Brand_94"", ""model"": ""Model_94"", ""year"": 2024, ""specifications"": {""cpu"": ""Intel i4"", ""ram"": ""16GB"", ""storage"": ""768GB SSD""}}","{""tags"": [""tag94"", ""asset"", ""group""], ""priority"": ""high"", ""usage_type"": ""daily""}","{""monitoring"": {""temperature"": {""unit"": ""celsius"", ""range"": ""0-74""}, ""usage_hours"": {""unit"": ""hours"", ""tracking"": ""daily""}}}"
Asset Group 095,Operating assets,Category_095,SubCategory_095,"Description for Asset Group 095, categorized under Category_095.","{""image_url"": ""/uploads/assets/asset_095.jpg"", ""alt_text"": ""Asset Group 095""}","{""brand"": ""Brand_95"", ""model"": ""Model_95"", ""year"": 2025, ""specifications"": {""cpu"": ""Intel i5"", ""ram"": ""20GB"", ""storage"": ""256GB SSD""}}","{""tags"": [""tag95"", ""asset"", ""group""], ""priority"": ""high"", ""usage_type"": ""continuous""}","{""monitoring"": {""temperature"": {""unit"": ""celsius"", ""range"": ""0-75""}, ""usage_hours"": {""unit"": ""hours"", ""tracking"": ""daily""}}}"
Asset Group 096,Intangible assets,Category_096,SubCategory_096,"Description for Asset Group 096, categorized under Category_096.","{""image_url"": ""/uploads/assets/asset_096.jpg"", ""alt_text"": ""Asset Group 096""}","{""brand"": ""Brand_96"", ""model"": ""Model_96"", ""year"": 2020, ""specifications"": {""cpu"": ""Intel i6"", ""ram"": ""8GB"", ""storage"": ""384GB SSD""}}","{""tags"": [""tag96"", ""asset"", ""group""], ""priority"": ""medium"", ""usage_type"": ""daily""}","{""monitoring"": {""temperature"": {""unit"": ""celsius"", ""range"": ""0-76""}, ""usage_hours"": {""unit"": ""hours"", ""tracking"": ""daily""}}}"
Asset Group 097,Operating assets,Category_097,SubCategory_097,"Description for Asset Group 097, categorized under Category_097.","{""image_url"": ""/uploads/assets/asset_097.jpg"", ""alt_text"": ""Asset Group 097""}","{""brand"": ""Brand_97"", ""model"": ""Model_97"", ""year"": 2021, ""specifications"": {""cpu"": ""Intel i7"", ""ram"": ""12GB"", ""storage"": ""512GB SSD""}}","{""tags"": [""tag97"", ""asset"", ""group""], ""priority"": ""low"", ""usage_type"": ""passive""}","{""monitoring"": {""temperature"": {""unit"": ""celsius"", ""range"": ""0-77""}, ""usage_hours"": {""unit"": ""hours"", ""tracking"": ""daily""}}}"
Asset Group 098,Non-operating assets,Category_098,SubCategory_098,"Description for Asset Group 098, categorized under Category_098.","{""image_url"": ""/uploads/assets/asset_098.jpg"", ""alt_text"": ""Asset Group 098""}","{""brand"": ""Brand_98"", ""model"": ""Model_98"", ""year"": 2022, ""specifications"": {""cpu"": ""Intel i8"", ""ram"": ""16GB"", ""storage"": ""640GB SSD""}}","{""tags"": [""tag98"", ""asset"", ""group""], ""priority"": ""high"", ""usage_type"": ""continuous""}","{""monitoring"": {""temperature"": {""unit"": ""celsius"", ""range"": ""0-78""}, ""usage_hours"": {""unit"": ""hours"", ""tracking"": ""daily""}}}"
Asset Group 099,Operating assets,Category_099,SubCategory_099,"Description for Asset Group 099, categorized under Category_099.","{""image_url"": ""/uploads/assets/asset_099.jpg"", ""alt_text"": ""Asset Group 099""}","{""brand"": ""Brand_99"", ""model"": ""Model_99"", ""year"": 2023, ""specifications"": {""cpu"": ""Intel i0"", ""ram"": ""20GB"", ""storage"": ""768GB SSD""}}","{""tags"": [""tag99"", ""asset"", ""group""], ""priority"": ""critical"", ""usage_type"": ""continuous""}","{""monitoring"": {""temperature"": {""unit"": ""celsius"", ""range"": ""0-79""}, ""usage_hours"": {""unit"": ""hours"", ""tracking"": ""daily""}}}"
Asset Group 100,Intangible assets,Category_100,SubCategory_100,"Description for Asset Group 100, categorized under Category_100.","{""image_url"": ""/uploads/assets/asset_100.jpg"", ""alt_text"": ""Asset Group 100""}","{""brand"": ""Brand_100"", ""model"": ""Model_100"", ""year"": 2024, ""specifications"": {""cpu"": ""Intel i1"", ""ram"": ""8GB"", ""storage"": ""256GB SSD""}}","{""tags"": [""tag100"", ""asset"", ""group""], ""priority"": ""medium"", ""usage_type"": ""business""}","{""monitoring"": {""temperature"": {""unit"": ""celsius"", ""range"": ""0-80""}, ""usage_hours"": {""unit"": ""hours"", ""tracking"": ""daily""}}}"
